{"label": [0], "probability": [[0.8803013680520876, 0.11969863194791172]]}